CustomerID,Age,Gender,Tenure,Balance,NumOfProducts,HasCrCard,IsActiveMember,EstimatedSalary,Churn
1,56,Male,1,7868.956931271831,2,0,0,51449.74385656633,0
2,69,Male,2,16557.367506443457,1,1,1,31140.32566277632,0
3,46,Male,8,15754.260310554173,3,0,0,20857.223815628717,0
4,32,Female,3,12488.508929434562,2,1,0,63540.58696122006,0
5,60,Male,3,9889.622625901859,2,1,0,98062.30548391462,0
6,25,Male,8,19591.016807635137,3,1,1,49530.895504736356,0
7,38,Male,8,2899.301447596341,3,1,1,48575.38671944359,0
8,56,Female,2,14503.114551022296,1,1,1,47527.32942795537,0
9,36,Female,8,3823.81402929578,1,0,0,61643.506984388674,0
10,40,Male,1,6765.262106646967,2,0,1,55253.190673943485,0
11,28,Male,6,6173.974867463905,3,1,0,90393.17013816116,0
12,28,Male,8,18940.719754774458,3,0,0,60441.663337879225,0
13,41,Male,3,19347.123555765505,3,1,1,60620.627055085504,0
14,53,Female,8,3660.308884694543,2,1,0,31069.727577644528,0
15,57,Female,1,440.7032059500837,3,0,1,98619.16327283088,0
16,41,Female,9,14400.160793262263,3,0,0,39997.83126950638,0
17,20,Female,9,8359.798677409686,2,0,1,25869.125396768213,0
18,39,Male,5,1776.8049017512876,1,0,0,73051.6999180167,0
19,19,Male,4,13675.08211154085,1,0,0,67629.30961254981,0
20,41,Male,6,10902.110565213994,2,1,0,53211.652319419656,0
21,61,Female,7,19610.33644002212,3,0,0,53775.37871045424,0
22,47,Male,5,4548.189917227579,2,0,0,82805.1136837145,0
23,55,Female,9,8079.557526530965,1,0,1,35657.011207971926,0
24,19,Female,3,10850.916067908458,1,1,0,85620.26551559118,0
25,38,Male,7,15833.999769067033,2,0,1,71899.76911160146,0
26,50,Male,5,10976.773134401174,2,1,1,53517.58190236195,0
27,29,Male,7,12258.003217238984,1,0,1,56642.28932670949,0
28,39,Female,2,4522.941031798815,2,0,0,40531.77657488766,1
29,61,Male,4,16938.374561771197,1,1,0,80169.14661575799,0
30,42,Female,2,8572.610939409515,2,0,0,61029.97938442142,0
31,66,Male,7,2819.1925504353853,2,0,1,45668.36341998749,0
32,44,Female,2,13283.758290108348,2,1,0,67684.00926087602,0
33,59,Female,1,4321.8090637061505,1,0,0,99658.75616410584,1
34,45,Male,9,1951.2502047859948,2,1,1,54820.982372524304,0
35,33,Female,1,17239.738168085445,1,1,1,93655.31206228957,0
36,32,Female,8,9203.245289768793,1,1,1,47601.34719396529,0
37,64,Male,2,14985.67425391553,2,1,1,24378.616553998872,0
38,68,Female,8,5811.751196127102,2,1,1,36339.36850947431,0
39,61,Male,3,15739.402698353326,1,0,1,53495.61146621474,0
40,69,Female,6,2238.7185404306065,1,0,0,37570.79428756552,0
41,20,Male,3,7119.467475897054,3,0,1,20018.163057460442,0
42,54,Male,7,19561.23635947057,1,1,0,93200.12301980218,0
43,68,Female,9,15879.794327360121,3,1,0,87510.35289847432,0
44,24,Female,2,9945.118606293763,3,1,0,79383.37851895577,0
45,38,Female,5,6795.549431237702,3,1,1,33425.16765168229,0
46,26,Female,6,17442.71400044953,2,0,0,29629.086096798885,0
47,56,Female,4,10896.955181690313,2,0,1,25408.379957790654,0
48,35,Male,4,15168.500357382221,1,1,1,77922.3351018337,0
49,21,Female,4,15082.153606323282,3,1,0,94304.63685503083,0
50,42,Male,2,358.9135713698366,2,0,1,54442.86567304296,0
51,31,Male,4,2525.075655852269,2,1,0,29531.253759683852,0
52,67,Female,1,13192.587327894844,2,1,0,60991.42565856853,0
53,26,Male,6,3232.396225717429,2,1,1,47906.55259669041,0
54,43,Male,1,5109.866893112094,2,0,0,49985.993947999814,0
55,19,Male,6,18932.759083992143,3,0,0,69706.44993245658,0
56,37,Male,1,11203.645167498238,3,1,0,77497.44906097619,0
57,45,Female,6,15014.590139986944,3,0,1,28848.28790985287,0
58,64,Male,8,11159.614775652797,3,1,0,22847.21846451811,0
59,24,Female,2,11050.272295654504,1,1,1,99546.4242148572,0
60,61,Female,2,1883.0382025139581,3,0,1,38618.26791324415,0
61,25,Male,4,6873.263852182061,2,1,0,24306.441992676726,0
62,64,Female,3,5648.617973730235,3,1,0,35190.0263276736,0
63,52,Female,4,7814.567312272265,1,0,1,23116.627707877138,0
64,31,Female,7,15966.883764486565,2,1,1,51344.87156937373,0
65,34,Male,1,7438.6533583372975,3,1,0,84192.14275610594,0
66,53,Female,6,9033.936384633655,3,1,0,47299.555980617646,0
67,67,Female,3,7947.6278097063305,3,0,1,55534.67255026932,0
68,57,Female,7,1868.159439505912,2,1,1,74046.9418853951,0
69,21,Male,2,8821.443165015675,2,0,1,60711.52560559042,0
70,19,Female,2,3912.1854608903004,1,1,1,88915.65488170594,0
71,23,Male,4,3734.4659154608294,2,1,1,89282.85400366053,0
72,59,Male,1,1880.722088685327,2,1,0,20792.85563929229,1
73,21,Male,3,7133.419482835295,3,1,1,82243.70451865593,0
74,46,Male,9,15149.637695788348,2,0,1,56858.68801933391,0
75,35,Male,7,5528.8338116679215,3,0,0,99107.24330429305,0
76,43,Male,7,6246.9820377102715,3,1,0,58658.56607003481,0
77,61,Female,4,12853.493153448471,2,1,1,98951.6756310638,0
78,51,Male,2,3916.8162517383776,1,1,1,80365.54889645893,0
79,27,Female,4,17939.158608470687,1,1,0,39888.39076906451,0
80,53,Female,6,10403.810465031089,2,1,1,63071.59834295661,0
81,31,Male,3,8952.058806404339,1,1,1,99370.85115828662,0
82,48,Female,1,11156.403838584029,3,1,0,88602.4486201539,0
83,65,Female,8,3320.686268323909,3,1,1,27789.351503297687,0
84,32,Female,5,12269.462772783527,2,0,0,76509.7597447997,0
85,25,Female,5,7262.014732680209,1,0,0,47646.36686966504,0
86,31,Male,4,17943.726819292377,1,0,0,20558.580950427848,0
87,40,Female,6,3377.0841335537225,3,1,0,52278.47752215997,0
88,57,Male,3,10141.02207730882,2,1,1,38780.353737997706,0
89,38,Female,9,11962.25258738036,1,1,0,85509.54164163773,0
90,33,Female,5,667.6720357276245,2,0,1,46986.44870766124,0
91,62,Male,3,7273.862495122805,1,1,1,86201.89551630536,0
92,35,Female,1,14652.704694016657,3,0,1,20047.835106783623,0
93,64,Female,6,16407.550148979466,3,1,1,44625.53200208953,0
94,41,Female,2,6263.239896345647,2,0,1,39293.217144620954,0
95,43,Male,3,15971.865447655025,3,0,0,38685.38888548888,0
96,42,Female,1,19355.117542067776,1,0,0,25454.929581237015,0
97,62,Male,9,17137.47872150188,3,1,0,34969.94163284014,0
98,58,Female,8,2352.879763186504,2,0,0,64443.96559084959,0
99,46,Male,2,14794.606641710812,2,1,1,43308.88582701956,0
100,32,Male,8,6393.336648810894,2,1,0,53391.58258633184,0
101,62,Female,9,19768.31978824153,1,1,1,50149.350427775076,0
102,18,Female,1,9707.179663197743,1,1,1,90072.39399999156,0
103,42,Male,5,2448.6779671788204,1,1,0,92423.91992084123,0
104,24,Male,8,14503.710960547816,1,0,0,59436.557732468806,0
105,26,Female,2,6460.223967724277,1,1,0,46412.476025248354,0
106,41,Male,4,19941.563141633233,3,1,0,28544.05632018909,0
107,18,Female,7,19595.649157090436,1,1,1,96272.2303505676,0
108,61,Female,3,13122.680360411614,1,1,1,24818.155592023795,0
109,25,Female,5,2596.5289790343513,3,1,0,43812.02220546243,0
110,41,Female,8,13737.219953500582,1,0,1,43845.29609360034,0
111,28,Male,3,1860.609729200544,2,0,1,45632.10289121719,0
112,68,Female,4,587.2831820478464,1,1,1,33142.94746179274,0
113,34,Male,9,16459.16892442972,1,0,0,82652.91447389577,0
114,25,Female,7,4195.058953673627,2,0,1,29799.82895727914,0
115,52,Male,1,7580.542524381948,2,1,0,70792.53273225302,0
116,52,Female,4,19469.147799523464,2,0,0,29907.682136465395,0
117,50,Male,4,6736.810037222065,2,1,1,25642.851007436526,0
118,22,Male,9,5929.795625666306,1,0,1,92754.36029487012,0
119,59,Female,6,18364.159992455505,2,0,0,35210.301305496454,0
120,56,Female,9,2214.968906379162,2,0,1,85700.01236477634,0
121,58,Female,6,15191.648202292636,3,1,1,63570.46968857086,0
122,45,Female,6,19761.31133305548,2,0,0,26228.521568701566,0
123,24,Male,5,18025.920215492977,2,0,0,96435.8553150454,0
124,26,Female,5,13033.358374128518,3,1,0,39756.8933593514,0
125,25,Male,2,6281.215899854639,3,1,0,88771.62762820852,0
126,29,Male,8,5086.439623566334,1,0,1,33504.80046276513,0
127,51,Female,8,16385.102097429222,3,1,1,88315.43057134823,0
128,50,Male,1,17596.438279033904,1,0,0,21058.30503242352,0
129,65,Male,8,10508.698250913858,3,0,0,60942.436525558456,0
130,40,Male,5,4886.798815729323,3,1,0,81555.40635372454,0
131,41,Male,2,2258.864168223471,1,1,1,94783.64139942266,0
132,54,Female,2,1743.5893566366235,3,1,0,92736.17089651896,1
133,52,Female,6,14381.548947077112,1,0,1,85569.9895638116,0
134,61,Female,9,8402.374556954499,3,1,0,91055.30797290432,0
135,57,Female,1,18107.197485557408,2,0,0,35937.57486696612,0
136,39,Male,6,14793.426014535273,3,1,0,42734.7436569383,0
137,44,Male,9,3825.208358291734,1,0,1,43117.481993684676,0
138,52,Female,8,12275.54837631398,3,1,1,50164.3144801359,0
139,18,Female,6,8710.109087963187,1,0,1,51465.6536308151,0
140,52,Female,3,11544.994615372261,1,1,0,63564.42597237404,0
141,54,Male,8,14761.382466770343,2,0,1,32790.38106931531,0
142,64,Female,9,16123.917620075816,2,1,1,75299.73310287914,0
143,31,Female,1,16874.746528134485,1,1,0,33405.32314436052,0
144,20,Female,9,5079.497491440495,3,0,0,44824.6785683638,0
145,18,Male,6,622.3119983471537,1,1,1,60267.61044849233,0
146,22,Male,6,14785.894703295464,1,0,1,83715.24492187818,0
147,43,Male,4,2126.874525115492,3,0,1,79157.53865909818,0
148,31,Male,1,6298.391772259353,3,1,1,71642.74851284179,0
149,56,Male,8,76.34268248694286,3,0,0,32461.860846413612,0
150,44,Male,2,13633.389648032402,3,1,0,63763.62764924622,0
151,26,Male,1,3342.640229424425,1,1,0,26995.720143990835,1
152,32,Male,2,13105.648193833164,1,0,1,50189.054143732064,0
153,32,Female,1,19834.852343356775,2,1,1,53081.32242319673,0
154,43,Female,1,1453.4174322003257,1,0,0,23184.915155660306,1
155,59,Male,9,1541.5602390292138,3,0,0,41919.047957597744,0
156,30,Male,1,6807.601853333498,2,1,1,96451.95738131915,0
157,68,Female,4,17327.730285026842,3,1,1,96290.60862637516,0
158,49,Male,6,4310.597375826637,1,0,0,48186.16434020315,0
159,56,Male,7,7207.556398606951,2,0,0,23448.008715865923,0
160,66,Male,2,1370.1081325395915,3,1,0,34327.59514625452,1
161,69,Female,6,15263.105825177787,2,1,1,51377.42347468321,0
162,49,Female,7,8166.126855189022,2,1,1,95822.37583753838,0
163,21,Female,2,15184.974661216856,1,1,1,31295.925082974794,0
164,47,Female,2,18072.156886935903,3,0,1,81081.26749345698,0
165,54,Female,7,4655.262942025775,2,1,1,28694.603149975366,0
166,40,Male,1,16147.920606799027,2,0,1,98500.60619130214,0
167,56,Female,8,1181.8778015650655,3,0,0,50529.319928730794,0
168,62,Male,3,17976.947763604945,2,1,0,82018.76311192449,0
169,32,Male,6,13015.370951174948,2,0,1,47407.28662489055,0
170,60,Female,9,17484.53448276703,2,1,0,70213.5101727047,0
171,46,Female,6,3.767991131637949,3,0,1,35361.28677920294,0
172,53,Male,9,3381.62140711985,3,1,0,31681.681543757004,0
173,30,Male,7,7795.187748529842,3,0,1,95045.1311654505,0
174,49,Male,9,7590.058067494372,3,0,0,93411.78223235467,0
175,24,Female,2,4534.607658470213,1,1,0,90997.5152170306,1
176,68,Female,8,7632.238797344002,2,1,1,70034.67601332748,0
177,39,Female,8,2576.9742400050964,3,0,1,84661.45689730227,0
178,45,Female,2,8255.22258532052,2,0,0,25522.954952909993,0
179,19,Female,4,16047.086583185284,2,1,0,46783.12335125433,0
180,59,Male,7,9581.401262067024,1,0,1,45096.249980572495,0
181,62,Female,4,360.0017789042997,3,1,0,70851.62575620906,0
182,23,Male,4,8428.88083158495,3,0,1,48476.62187765124,0
183,45,Male,6,543.5003218168832,2,1,1,31880.542531494466,0
184,45,Male,6,19324.868214135964,3,0,0,67717.3660330835,0
185,61,Female,3,2549.079188457379,2,1,1,85150.71365352652,0
186,61,Female,9,14153.766526612375,2,1,0,50569.87955679785,0
187,37,Female,2,19455.526457841715,1,0,0,30581.497207878536,0
188,47,Male,6,16520.781033331437,1,1,1,35735.05578502585,0
189,28,Male,7,13986.307502524074,1,0,0,38998.66441355072,0
190,45,Male,9,16789.218190015337,2,1,1,43991.807439562894,0
191,42,Male,3,19635.973865212552,3,1,1,71423.60564050473,0
192,56,Male,3,12426.889945070592,1,1,1,68075.63876301752,0
193,50,Male,7,11183.69613658653,3,0,0,75686.38892536314,0
194,18,Female,4,12564.762209265627,1,1,1,49000.15876252105,0
195,44,Female,8,10653.5177352311,1,0,0,85919.81215039827,0
196,69,Female,7,12701.782118194376,2,1,1,36327.01289246082,0
197,30,Female,5,8996.844159451184,1,0,1,57523.25980145232,0
198,58,Male,7,4368.863657666142,1,0,1,84075.09772331442,0
199,20,Male,3,2404.9445302335125,2,0,0,34412.69181860954,0
200,56,Female,2,1366.8187106452078,3,1,0,28789.049099262636,1
201,23,Male,6,5266.315675064002,1,0,1,90694.71741503918,0
202,25,Female,2,922.4712867146767,2,1,1,47434.37302073567,0
203,44,Female,3,11343.415598387712,1,0,0,74709.60999272256,0
204,26,Female,6,5676.568940470405,2,0,0,22027.88834111508,0
205,54,Male,5,16490.696161740645,3,0,0,75203.75107275597,0
206,50,Female,8,1484.817459767729,3,0,1,45288.10492375764,0
207,68,Female,9,4527.029886829719,2,1,0,24459.26828699534,0
208,59,Female,3,14604.922941802917,2,0,1,68785.02092384937,0
209,61,Male,3,11976.165927669828,2,0,0,39264.30528585386,0
210,41,Male,3,1289.8254249833508,3,1,1,50944.5793641504,0
211,32,Female,6,17544.78914324401,1,0,1,26446.464982921087,0
212,49,Male,1,17545.23525652359,3,0,1,31773.060087595626,0
213,49,Male,7,6608.160077515477,2,0,0,43838.1788396675,0
214,41,Male,1,6808.116866991294,2,0,0,27180.76004481257,0
215,58,Male,5,19780.56716700348,3,1,0,92866.10117490521,0
216,69,Male,8,12523.523431862764,2,1,1,20483.763454718275,0
217,66,Male,4,10626.330411361183,3,0,1,58708.817509144916,0
218,66,Male,5,16763.04367103849,2,1,0,29859.796650604116,0
219,69,Male,4,5705.806767146329,1,1,1,44614.32715823589,0
220,29,Male,4,8583.651867927138,1,0,1,94084.76478546124,0
221,56,Male,8,5355.533509766683,2,1,1,32935.564261918946,0
222,19,Female,2,15783.216931774628,3,0,0,97266.58557746661,0
223,20,Female,1,11466.98691270436,1,1,1,36463.55015915373,0
224,66,Male,3,13176.50140280141,3,1,0,79325.28867734637,0
225,54,Female,9,5046.144996788131,2,1,0,63734.18119178494,0
226,66,Female,4,4404.506027546302,3,0,0,90758.29820774074,0
227,34,Male,5,9767.492579658774,1,1,0,64319.46044025048,0
228,66,Male,2,14751.314981856536,3,0,0,62764.737532504696,0
229,19,Male,4,10504.795150403203,3,0,1,35636.64002947199,0
230,19,Female,2,652.9135509133721,2,1,0,33298.348964132696,1
231,45,Female,2,17371.030126405774,2,0,0,93319.13208924113,0
232,40,Male,4,1293.7378703026313,2,1,0,46227.05590800273,0
233,54,Male,6,19116.489674415046,1,0,1,49766.58039703168,0
234,49,Male,7,502.8391655454545,1,0,1,80785.89267427108,0
235,50,Female,3,13889.009122614176,2,1,1,47105.878593824586,0
236,18,Female,3,1644.141274235633,2,1,1,96164.99573112022,0
237,36,Female,6,18213.53158870279,1,1,0,79034.22151990402,0
238,19,Female,3,9288.664724510856,1,1,0,67794.3394058736,0
239,61,Male,2,2750.475496340308,1,0,1,90471.6128435802,0
240,43,Male,8,6816.313995796932,1,0,1,23968.47266795862,0
241,49,Male,5,3296.493506935241,2,0,1,40565.0153751367,0
242,23,Male,1,3411.6382311418,1,1,1,57202.9067376728,0
243,49,Female,3,18962.166403428844,2,0,0,38158.283157721686,0
244,21,Female,8,8904.922245695763,3,1,1,79512.41498417215,0
245,28,Male,4,15776.04527810719,3,0,1,93536.64248429802,0
246,34,Male,7,12792.111223553637,1,1,1,53901.60959447387,0
247,55,Female,2,13528.527246767846,3,0,1,47370.608008951596,0
248,41,Male,7,2633.8687694407704,3,0,1,96924.0585710053,0
249,22,Female,5,4683.688936309713,3,1,1,55588.194626203265,0
250,69,Male,5,15735.006703088739,1,0,1,59123.87203594266,0
251,51,Male,6,19415.32412949566,1,1,0,48131.98978735243,0
252,23,Male,9,5253.512851973034,3,0,0,92763.87784097106,0
253,39,Male,6,5431.375295020797,2,0,0,65516.43866254806,0
254,28,Male,8,9457.942656218096,3,1,0,80973.96697453156,0
255,65,Male,7,19676.806257108758,1,1,0,84944.5374680709,0
256,33,Male,9,5379.178916529421,1,0,0,47347.923353380655,0
257,50,Female,4,8139.4381926852775,1,0,1,54695.5465056304,0
258,26,Female,2,17829.600312470135,3,0,1,87877.74195250116,0
259,23,Female,7,58.42065242724015,2,0,0,49060.428134064816,0
260,33,Female,6,795.3192997713909,1,0,1,83514.8106761481,0
261,46,Female,1,12081.433541424385,1,0,0,95279.38580595497,0
262,20,Male,9,18147.60329425694,3,1,1,69856.82984544056,0
263,37,Male,9,4777.133208038553,2,1,1,79330.18299615111,0
264,53,Female,2,9392.83549361418,3,1,1,84407.78496329079,0
265,36,Male,3,9009.306033156367,1,0,1,87603.1719117314,0
266,43,Female,5,9459.426921910203,2,0,1,51604.267028543676,0
267,20,Female,5,12450.393914594904,2,0,1,24101.076734079856,0
268,36,Male,1,9394.875259813676,1,1,0,52150.101698939165,0
269,37,Male,8,8949.362826449156,2,1,0,73900.49838272718,0
270,49,Male,8,9485.76840862521,2,0,1,56028.03086246342,0
271,24,Female,4,11817.34882542083,3,0,0,79917.0520688319,0
272,69,Male,7,10740.149767027167,1,1,1,48558.594357493115,0
273,58,Female,3,17082.719953010084,1,1,0,70779.53128832237,0
274,50,Female,6,989.9370698733323,1,1,1,34913.58438831796,0
275,57,Female,9,16666.341429460248,1,0,0,79949.55493159656,0
276,56,Male,1,16878.49225223448,1,0,1,63655.67750504207,0
277,35,Male,5,5698.160430619217,2,0,0,36325.15108372805,0
278,57,Female,4,9257.039100317013,3,1,1,43352.89387982458,0
279,18,Male,8,8770.76977074871,1,1,0,79888.69668654658,0
280,28,Male,1,4370.196687082606,3,0,1,58608.098852921656,0
281,45,Male,9,7935.93694172633,3,0,1,37282.51523144578,0
282,42,Female,6,887.7554434170887,2,1,1,97381.69522962382,0
283,67,Female,4,5556.441455634688,1,0,0,77210.00158535104,0
284,40,Male,9,16333.643509014362,2,1,0,96570.78660318369,0
285,48,Female,5,5691.246035257951,1,1,0,54168.40362882746,0
286,47,Male,5,16364.133374964951,2,0,1,58008.027255337634,0
287,59,Male,5,10631.989292088618,3,1,0,91836.41729480153,0
288,52,Male,1,17597.2535472232,1,0,1,62003.94721963077,0
289,24,Male,1,11495.591085288304,3,1,0,76582.31295245337,0
290,33,Female,8,593.3644612947963,3,1,0,40173.8301996424,0
291,43,Female,8,13508.404150941784,2,0,0,55738.11749621124,0
292,65,Female,6,897.0713604713732,1,1,0,29875.989264828408,0
293,69,Male,4,9011.94037966268,3,0,1,36478.40287015693,0
294,66,Male,2,18588.53388946228,2,0,0,20075.473221410488,0
295,19,Male,2,3304.0787867570034,1,1,0,23141.204131892817,1
296,18,Female,9,7797.447058830882,1,0,1,98182.70585415434,0
297,65,Male,5,14597.206176969568,3,0,1,39388.295610940986,0
298,29,Female,4,17645.17112189695,1,0,0,73064.85676032017,0
299,22,Female,1,13418.860094850157,3,0,0,87127.97590396892,0
300,54,Female,7,5163.465083823384,1,0,1,64052.83673892514,0
301,49,Female,3,13492.157058324323,2,0,1,32251.560006716496,0
302,26,Female,6,5934.5528220818,3,1,1,78249.31498689331,0
303,58,Female,5,14368.584596374705,3,0,0,68020.11280796665,0
304,52,Male,5,19080.66255170081,1,1,0,78500.04714779,0
305,36,Male,5,14427.869022125766,1,1,0,81579.72982856698,0
306,65,Female,1,17257.610058248247,3,0,1,98032.82941477961,0
307,33,Female,1,42.07686351766826,1,1,1,65885.0624021368,0
308,20,Male,3,14351.442494631887,2,1,1,47331.28901524814,0
309,37,Female,4,16591.751137305007,1,0,0,71877.16455201896,0
310,41,Female,5,811.1747508936285,2,0,1,25475.25673941009,0
311,50,Male,2,17431.954545764613,2,0,0,91791.7854657269,0
312,41,Female,8,5133.884566200917,2,1,1,29550.480907055742,0
313,69,Female,2,13305.842039561105,2,1,0,46227.42703086546,0
314,28,Female,9,16007.097580468133,2,0,0,85259.63045008967,0
315,66,Male,2,13253.290261187109,1,0,1,67784.99026645694,0
316,25,Male,9,1845.6958414651447,2,1,0,51490.84162219537,0
317,53,Male,7,11926.430377207367,1,1,1,57874.852750001715,0
318,55,Female,8,10991.673134442872,2,1,0,88363.79145617443,0
319,57,Female,2,18006.42536148543,3,1,1,47200.350884791376,0
320,37,Male,7,8084.794592884184,2,0,1,89571.9747849737,0
321,52,Female,6,6421.621941741003,3,1,0,27050.75447813532,0
322,65,Female,4,14997.015288729324,2,1,1,82143.87497669045,0
323,42,Female,7,8253.506521667932,2,1,0,87803.81064437891,0
324,52,Female,4,12921.92350010126,2,1,1,34545.4122269871,0
325,42,Female,2,12929.00180249214,3,0,1,54427.722589776036,0
326,46,Male,7,17760.781287202357,3,0,1,33239.98197309245,0
327,35,Female,8,11973.848046381947,2,1,1,76528.33031953742,0
328,63,Male,2,10043.072199239738,1,1,0,62827.82144493254,0
329,35,Female,5,2777.42652793034,2,0,1,70825.86773666568,0
330,19,Male,1,2314.752133574107,3,0,1,35718.95735649689,0
331,52,Female,7,3086.431305661588,2,1,0,36939.668964193566,0
332,33,Male,8,3436.96962654189,3,1,0,23319.78604079251,0
333,58,Female,6,12757.541853272678,3,0,0,45765.40281565838,0
334,53,Male,5,14819.62500549157,3,0,0,64779.572906694,0
335,50,Female,6,10599.830458528375,2,0,0,88634.7931197863,0
336,21,Male,2,16580.35465090982,3,0,0,73354.19579669446,0
337,50,Female,1,19825.264534672664,3,0,1,54831.70587198011,0
338,31,Male,7,16400.252582387122,2,0,0,96249.60915153103,0
339,38,Male,7,13897.647473519184,3,1,1,77539.61604606654,0
340,65,Female,2,10649.853988742932,2,0,0,94413.216229004,0
341,37,Female,2,8977.061433494164,3,0,1,62207.03786177326,0
342,25,Male,1,1687.847610890847,1,0,1,40712.34198345117,0
343,24,Female,8,7987.374967893818,1,0,1,24226.13490917776,0
344,20,Male,8,18202.692735642686,3,1,0,78086.78811870803,0
345,34,Male,1,16160.452598131058,1,1,0,29704.23984044273,0
346,50,Male,8,4321.027300233744,2,0,0,44222.01026175737,0
347,65,Female,9,9332.155693944318,1,1,0,62597.67263071179,0
348,29,Male,4,16334.464051170891,3,1,1,65153.32702237982,0
349,68,Male,1,1347.6910957104503,3,1,0,68046.65575897088,1
350,39,Female,1,7747.851713373186,2,1,1,33300.426427976054,0
351,39,Female,3,17036.824737478953,3,1,1,50378.9923857319,0
352,63,Female,5,8077.957283402475,2,1,0,69375.53816935734,0
353,47,Female,5,1552.2928946288173,1,0,0,97585.50917070278,0
354,55,Male,9,10850.68737064503,1,0,0,78210.4910159751,0
355,55,Male,2,17234.84989836591,2,0,1,93808.30056751662,0
356,62,Male,2,11805.710859063194,2,0,0,80976.96466513416,0
357,68,Male,6,4525.582164284636,3,0,1,67337.35751139204,0
358,25,Female,9,7684.7924027476265,1,1,0,35361.86953090756,0
359,44,Male,1,9002.467223638643,2,0,1,73334.85215140105,0
360,44,Male,9,11585.327076410536,1,0,0,69870.36527679257,0
361,51,Female,9,15187.020515052262,2,1,0,68197.53363658131,0
362,38,Male,9,1977.472352812708,1,1,1,59182.86943905926,0
363,47,Male,5,17793.040660351326,3,0,0,62292.528319142046,0
364,50,Male,9,246.1940603215118,1,1,0,46755.40216944832,0
365,45,Male,4,7401.046693485105,1,1,0,61545.01541138425,0
366,64,Male,2,548.406199453153,1,1,0,35804.472454278264,1
367,50,Male,6,7859.484506905825,1,1,0,84413.95178883013,0
368,22,Female,4,10516.251977466476,1,0,0,34862.15637589662,0
369,65,Female,6,10233.627731630235,3,1,0,26797.303191157313,0
370,36,Male,3,3312.566940565307,2,0,1,54899.68210857259,0
371,21,Male,6,12914.810201912245,1,0,1,72664.59516048495,0
372,52,Female,2,895.5690100933645,3,1,0,55017.34599468331,1
373,66,Male,2,15238.136402648308,1,1,0,42140.33055610469,0
374,34,Male,9,18932.888679870925,1,1,0,64653.69471123526,0
375,61,Male,7,6795.3765430223575,2,0,1,47760.186832976,0
376,45,Female,3,10344.787634286638,1,1,1,94629.41521013064,0
377,47,Male,1,7578.205561176288,3,1,0,93811.61116828577,0
378,46,Female,8,134.2078060811991,3,1,1,60189.745597767636,0
379,63,Male,6,7717.490057902319,2,1,0,46230.719521460676,0
380,23,Female,7,15834.40518522693,1,1,0,78970.59311653112,0
381,52,Female,9,11919.776843669637,3,0,0,22937.03547864533,0
382,58,Male,5,2025.1982923031785,1,1,0,57981.5204834921,0
383,54,Female,1,16942.7897938757,1,1,1,46905.87154162668,0
384,41,Male,7,10621.706897704857,1,1,1,93642.87080820437,0
385,46,Female,5,16834.467234893524,2,0,0,20960.242181814603,0
386,66,Male,3,11604.430375700587,1,1,1,64225.190057467924,0
387,63,Male,9,11193.768896758798,3,0,1,79253.08648533007,0
388,48,Female,1,2105.1837039402476,1,0,0,58801.439001923296,1
389,52,Male,1,3347.1946627725592,3,1,1,26832.24241301773,0
390,50,Male,1,19440.505129931822,1,1,0,97796.91120223218,0
391,69,Female,3,4569.7349350954155,3,1,0,61440.834510087836,0
392,38,Male,6,19549.042359807358,3,0,0,69134.89954552091,0
393,49,Male,3,10638.254130485268,1,0,0,38928.78261660058,0
394,40,Female,8,2715.7809412787424,1,0,1,58679.8468085443,0
395,50,Female,2,1986.044055073859,3,0,0,54331.95935666575,1
396,20,Male,9,4177.281414114799,2,0,1,25991.6673601587,0
397,35,Male,3,18512.746600506714,1,0,0,28492.82828379738,0
398,42,Female,5,8283.004486564536,2,1,0,86997.80156950197,0
399,59,Female,8,7908.6853598582875,1,1,1,39185.59617652722,0
400,48,Male,2,6264.12522140348,1,0,0,35596.66171989044,0
401,20,Female,6,2941.2370113317675,1,1,1,60392.91610001114,0
402,57,Male,5,9757.02394384813,1,1,1,81499.77050900104,0
403,63,Male,9,2600.955650222774,2,0,0,24955.721486319035,0
404,41,Male,5,16709.60472764655,1,0,0,66144.63357106046,0
405,67,Male,2,7407.939725506129,3,1,0,29536.835427245867,0
406,49,Male,5,7496.071355635927,3,0,0,22916.884066049475,0
407,64,Female,4,9480.128569663118,2,0,0,24219.51617297739,0
408,39,Female,7,8882.554263315033,1,1,0,86733.12865667531,0
409,40,Female,6,19897.15946118643,3,0,1,29437.798690244927,0
410,19,Female,2,10907.62242436605,2,1,1,23612.109152983357,0
411,44,Male,5,1764.0340757974138,1,1,0,55031.990971432984,0
412,59,Male,7,12137.546831538599,3,1,1,87519.47775536198,0
413,19,Male,7,3031.685857397599,3,1,1,40992.67011914415,0
414,43,Male,5,618.7528946268395,2,1,0,53737.00940207331,0
415,34,Female,9,19414.843073544962,1,0,0,23193.8026051001,0
416,57,Male,4,15470.777830691279,1,0,1,55926.28113079007,0
417,50,Male,3,19602.17984827534,3,0,0,66209.0464509707,0
418,26,Female,4,9557.568960444849,3,0,1,65672.56430017158,0
419,60,Female,5,10645.150622979523,3,1,0,46594.13537394921,0
420,65,Female,6,3366.7391183826044,1,1,1,45242.65445305084,0
421,56,Female,3,4938.148533351712,2,0,1,28529.889514927832,0
422,46,Male,2,16770.984298056563,2,1,1,49343.865651701475,0
423,59,Male,4,7123.712942351883,1,0,1,27959.573509837173,0
424,43,Female,5,16536.29947592838,2,0,0,81327.67557696413,0
425,52,Male,4,14180.274485740636,3,0,0,97301.94381985487,0
426,67,Male,3,3543.41850543731,2,1,1,97605.95653333655,0
427,42,Male,8,10148.927322394842,2,1,1,89205.68795003151,0
428,41,Female,4,13547.746430374336,2,1,0,68063.37194716954,0
429,30,Male,2,4700.744296076502,3,1,0,76069.2557795104,1
430,24,Female,2,16613.770210401537,1,0,1,42816.46421443313,0
431,53,Male,1,10896.553150903736,3,1,1,70461.63361380965,0
432,62,Male,4,3304.841008852064,1,1,1,56451.96395519019,0
433,37,Male,9,11659.688523292049,1,1,1,58561.3871821546,0
434,18,Female,7,19994.276083118282,1,0,1,80622.12483001265,0
435,25,Male,7,3010.429833268271,2,0,0,42553.468447780135,0
436,63,Female,7,16335.138602390562,2,1,1,45443.168935561596,0
437,33,Female,8,4146.18006375116,1,1,0,93971.34329029093,0
438,31,Female,1,15647.766589201747,1,1,0,24497.94358807778,0
439,29,Male,8,14691.558462428266,2,1,0,58850.74387306723,0
440,68,Male,4,6009.787712008648,3,0,1,93024.06403262894,0
441,40,Male,4,6516.462351288997,1,1,0,68829.04062545256,0
442,32,Male,4,15850.427839258384,3,1,0,63712.56593697057,0
443,45,Female,6,9228.910237746253,2,1,0,39979.534338348414,0
444,51,Female,7,14616.360574236176,1,0,0,47462.03912515586,0
445,19,Female,6,2959.6829473166954,3,0,1,88163.87326437543,0
446,49,Male,1,17051.15563803107,3,1,1,64737.45054147665,0
447,40,Female,8,14217.694333646383,3,1,0,61179.37550054239,0
448,39,Male,7,18138.856176696678,2,1,0,27966.377083202315,0
449,68,Female,6,2647.447580699449,2,1,1,21282.252516409848,0
450,42,Male,6,11860.290007211954,3,1,1,97094.81509496392,0
451,39,Male,5,11982.411700806504,3,0,1,50158.89338294733,0
452,39,Female,6,7069.2148109356485,2,0,0,68257.04496796035,0
453,66,Female,9,9169.328491385157,3,0,1,26377.2058549828,0
454,69,Female,9,759.6312657970694,3,1,0,74649.14285784372,0
455,59,Female,8,14917.20077254024,2,0,0,94605.33669647688,0
456,23,Male,9,10986.44958806348,3,0,1,66053.22023979358,0
457,32,Female,8,1154.8210373834754,3,0,0,30089.225790032848,0
458,60,Female,8,13615.117859209711,3,1,1,66537.72219787815,0
459,54,Female,1,9335.641544623759,2,1,0,81307.7770483722,0
460,50,Male,5,689.2251885000001,3,0,1,52513.32292592149,0
461,25,Male,4,19392.15453696191,2,1,0,90387.01983531743,0
462,61,Female,2,18982.24286178881,2,0,0,71894.63626858915,0
463,61,Male,8,10258.04832294395,1,0,1,91939.9134631362,0
464,22,Female,3,1873.448414118204,1,0,1,69880.42489978697,0
465,56,Male,4,15092.424431971836,3,0,1,30503.037760385938,0
466,21,Male,7,9838.62200211458,2,1,1,44775.33688841513,0
467,23,Male,9,6048.949565787598,1,1,0,36143.595860196554,0
468,62,Male,2,9828.363550571135,3,1,1,92706.11981734898,0
469,49,Female,3,10448.88290810929,1,1,1,80832.00538299861,0
470,69,Female,4,11254.233980446785,1,0,0,74111.86951280048,0
471,47,Female,1,8824.47427310653,2,1,1,44077.30557052973,0
472,64,Male,7,12115.106062781133,2,0,1,34723.581764017086,0
473,52,Female,2,18374.694212127546,1,1,0,80516.08703911294,0
474,57,Female,5,7245.361741971823,1,1,1,57932.635670326374,0
475,69,Female,1,14514.329264398983,2,1,1,38063.164172050325,0
476,33,Male,3,17889.051136484642,3,0,1,69329.75825322201,0
477,30,Male,2,9119.585515198738,2,0,1,23226.70817107616,0
478,67,Male,1,8869.116727638082,1,0,1,46093.62033026028,0
479,59,Female,7,12042.33970709559,3,0,1,57484.55956729077,0
480,47,Female,5,11828.135188449762,1,1,0,31836.66672875247,0
481,36,Female,1,16131.78684652554,3,0,1,98772.35820726717,0
482,34,Male,6,9529.667675565854,1,0,0,36727.78916716914,0
483,36,Male,5,19922.458992788823,3,1,0,30428.250403461243,0
484,45,Female,3,1189.4313773456156,3,1,0,36282.78991095171,0
485,43,Male,7,63.35697161403475,1,0,0,81524.89065277795,0
486,54,Male,9,12803.966231192477,3,1,1,54040.452741747424,0
487,43,Male,9,5968.698247237534,2,0,1,65233.27518020304,0
488,40,Male,9,4807.647773989676,1,1,1,21680.732558908858,0
489,26,Female,2,6237.981600085609,2,0,0,22754.504685865166,0
490,29,Male,3,5120.951302099086,1,0,1,55666.04398616129,0
491,18,Male,7,615.8009932089569,3,0,1,85332.41945612988,0
492,18,Male,5,19430.660847811774,3,0,1,90819.11029660521,0
493,64,Male,2,4414.909769055635,3,0,0,26936.525407651217,1
494,51,Female,3,14680.595251786126,1,1,0,63069.04816808182,0
495,49,Female,6,15251.927893883505,2,0,1,93058.37490234163,0
496,65,Male,7,18585.147960144586,2,0,0,51037.82035183091,0
497,42,Male,9,610.9891418675994,1,0,0,86365.26651426949,0
498,57,Male,1,17440.966768940154,1,0,1,30695.652351954894,0
499,62,Male,7,10544.523616796005,2,0,0,94831.5591734239,0
500,18,Male,8,12650.882199316558,2,1,0,80113.86540250422,0
501,33,Male,3,12889.405542420673,2,1,1,95306.75142295213,0
502,56,Female,4,16395.95609969455,2,0,0,74129.37868420052,0
503,22,Male,6,6668.1464431822105,1,1,0,49072.31455995416,0
504,39,Female,7,14661.023797199869,1,0,0,95054.49380197779,0
505,46,Female,4,10571.562194443943,3,1,0,42045.34210473428,0
506,20,Male,8,15867.880286106954,2,1,0,46573.8017649386,0
507,29,Female,5,19810.920655402668,3,0,0,76064.67344013922,0
508,43,Female,1,4013.020348075225,1,1,0,81225.3039620309,1
509,33,Female,4,19892.972831199957,1,1,0,94352.2787079323,0
510,68,Female,3,1796.2430856554802,3,0,1,36384.19272449676,0
511,54,Female,9,46.35095809627732,2,0,1,83839.84281753792,0
512,39,Female,8,883.2387235566252,2,1,1,79083.68427175708,0
513,46,Male,1,6835.648094735234,2,1,1,25103.56450028783,0
514,31,Female,6,12658.126613568684,2,1,0,50977.85129681656,0
515,45,Female,9,1380.5908177569925,3,0,1,42621.236564807885,0
516,22,Female,7,113.3162905913454,3,1,1,44359.233948322435,0
517,64,Male,4,18741.820569175896,1,1,0,98635.75036437607,0
518,66,Female,1,16438.532718798593,2,1,0,71422.19307839422,0
519,47,Male,2,16183.66342278062,2,0,0,77414.09262347997,0
520,63,Female,5,17688.485510039543,2,0,0,98129.41098520074,0
521,69,Male,5,14000.685455442088,3,0,0,50176.1425966111,0
522,22,Male,8,2088.0825949616287,2,0,1,84147.21347622448,0
523,29,Female,6,7982.003761474461,3,1,0,54762.47706435963,0
524,33,Female,8,14462.98972929259,2,0,1,89562.69374519838,0
525,43,Male,2,5606.689215830418,2,1,1,34452.60330490425,0
526,43,Female,3,13748.127282724752,1,1,0,95814.89416514237,0
527,65,Male,6,489.968965353047,2,1,1,37501.73667287038,0
528,38,Male,3,6122.746817591864,2,1,1,46097.64055847452,0
529,56,Male,6,10982.606725543454,1,0,0,80495.37872854245,0
530,53,Male,6,12641.796590124844,3,0,1,51500.41132523253,0
531,50,Male,2,11540.813289238216,3,0,1,68656.91014131573,0
532,47,Female,7,13955.12552146859,2,0,1,55565.88008555428,0
533,54,Male,2,121.7749647967814,3,0,0,79389.59496718255,1
534,40,Male,6,2018.8239995504298,2,1,0,38266.50018948887,0
535,27,Female,1,17378.8850455829,1,0,0,24676.638978950163,0
536,22,Male,3,13634.972881803225,1,0,1,43994.3517978453,0
537,53,Female,2,2258.632853720226,2,0,0,57944.69318947442,1
538,51,Female,7,16841.488747971584,1,0,1,33441.604175414286,0
539,69,Female,4,4844.624356491338,1,1,0,48383.783172511095,0
540,48,Male,8,9565.19768390447,2,1,1,51998.64146348548,0
541,27,Male,6,2903.930257693206,2,1,0,24591.347495061884,0
542,36,Male,4,14202.201128434133,1,1,0,66664.57985473637,0
543,49,Female,5,13337.088420285358,3,1,1,90747.474237703,0
544,18,Male,9,4222.2494233227235,3,0,0,32139.433036244194,0
545,22,Female,7,17268.015337140037,2,1,1,67824.64107212113,0
546,62,Male,9,8026.120484394243,2,1,0,73179.1363928677,0
547,21,Female,7,5850.301821414836,3,1,0,53546.77443354307,0
548,33,Male,1,3046.591789290709,1,0,1,76087.8069891416,0
549,41,Male,8,5323.3602503107495,3,0,1,52858.523479280964,0
550,33,Male,4,440.53842447633997,3,1,1,60370.98303819479,0
551,19,Female,3,11665.149849122312,3,0,0,20588.243564354158,0
552,66,Female,7,16844.61492687896,3,0,1,75337.6091307751,0
553,45,Male,3,10979.608988832837,2,1,0,72907.41431557795,0
554,49,Male,8,4385.479238477515,2,0,1,23072.070186107565,0
555,44,Female,6,673.3835642774544,1,0,1,49460.00859161065,0
556,37,Female,5,4292.561465176057,1,0,1,98322.54726333338,0
557,41,Female,4,8322.428561421846,1,1,1,53658.92500548934,0
558,29,Male,8,15192.22857399593,1,1,1,60155.63241054734,0
559,67,Female,8,3756.8570507554823,3,1,1,92794.41265277748,0
560,52,Male,1,14395.829067093722,2,0,0,77380.95006926052,0
561,50,Female,9,17338.669367037674,2,1,1,66565.61048993788,0
562,50,Male,5,9078.936962167141,1,0,0,83824.3745072858,0
563,68,Female,4,16428.639832851866,1,0,1,89149.30131647785,0
564,60,Female,6,11093.146960701912,3,0,1,56551.04573898135,0
565,54,Female,6,12741.816741618099,3,1,1,58008.669194546834,0
566,29,Female,2,10525.569206764054,1,1,0,50884.07485214686,0
567,20,Female,8,9263.454335026836,2,1,0,97336.49120147685,0
568,18,Male,7,4693.068835516987,2,1,1,75773.30034322804,0
569,50,Female,1,6063.881189220921,2,0,0,26657.845296645784,0
570,57,Female,5,5799.402378872181,1,1,1,89036.76986504148,0
571,27,Female,6,11265.778619076294,2,0,1,58444.79526690145,0
572,60,Male,4,2399.0738604777985,3,1,0,25500.312513799,0
573,61,Female,2,18335.833814046702,3,1,0,63977.380413064886,0
574,46,Male,4,14413.102905662265,1,1,0,53373.14231805617,0
575,30,Female,1,8028.912618263873,3,0,0,90219.95238901,0
576,29,Female,7,3172.4828905275594,1,0,1,36319.56828875099,0
577,48,Male,2,17639.843394432715,2,0,0,86117.16875937463,0
578,63,Female,2,16475.561802023305,2,0,0,64615.09529483622,0
579,19,Male,9,14434.431054343586,2,0,1,24368.824257077526,0
580,68,Male,5,5430.9409482248475,3,1,0,97747.62410603877,0
581,67,Female,2,8048.932748673378,1,0,0,61009.21952825599,0
582,52,Male,9,2054.9650490484673,2,0,0,43270.148338526604,0
583,40,Female,9,3780.7904945506343,1,0,0,57552.54735914065,0
584,34,Female,1,15660.332746334658,2,0,1,88628.62268139912,0
585,43,Male,3,14300.774377013677,3,1,1,44392.24995080508,0
586,25,Male,4,11869.715259518694,3,0,0,35414.11171893602,0
587,46,Male,7,17914.53451852346,1,1,0,30325.699754470515,0
588,43,Male,4,11665.330356260907,3,1,1,43828.7518712169,0
589,27,Female,2,9339.359999272214,3,1,0,82403.84696320348,0
590,43,Female,7,6807.414926115254,1,0,0,57730.109215620934,0
591,51,Male,6,18808.970114723452,2,1,0,38198.5282954832,0
592,68,Female,3,1654.30923048707,3,0,0,33294.79996877994,0
593,58,Female,6,18617.74744121617,1,0,0,46618.35812083033,0
594,24,Female,6,16534.293198620366,3,0,0,95193.94983085671,0
595,21,Female,5,2598.598490714026,3,0,0,47442.13700720195,0
596,67,Male,4,11299.68715350507,3,0,0,99049.92607637083,0
597,62,Male,1,17330.959634981737,3,1,0,58818.43646122849,0
598,28,Female,6,11436.183272143075,1,1,1,34333.11346321207,0
599,46,Male,2,18143.996431212447,1,0,1,91291.20734348075,0
600,53,Male,3,18859.67633632085,1,1,1,56828.42985078615,0
601,42,Male,8,8447.690443686119,3,0,0,76773.70748036195,0
602,38,Female,6,7546.2732281264725,3,1,0,98696.92665673215,0
603,53,Female,3,18726.423079383138,3,1,1,24014.02802559792,0
604,27,Female,7,13502.801222993361,1,1,0,27735.56478300537,0
605,54,Male,4,2320.453626963386,3,1,1,77636.53931702049,0
606,26,Female,9,845.834984453624,2,1,0,42546.00026363776,0
607,41,Female,5,11292.581019945263,3,0,1,34744.11175600793,0
608,52,Male,3,18603.41930876849,2,0,1,23148.95038557836,0
609,66,Female,2,16884.974048116368,3,1,1,21747.736958896145,0
610,52,Female,2,13516.954929286729,1,0,0,81958.84824958327,0
611,65,Male,3,2782.3169778217507,3,1,1,30754.674189564,0
612,53,Male,2,5084.627674973912,2,0,0,57417.64927769207,0
613,35,Male,4,17510.22453105232,2,1,0,68471.74521435864,0
614,66,Female,2,3656.144733138009,3,1,0,54268.1440455077,1
615,56,Female,9,5568.788165008691,2,1,0,22168.53218689865,0
616,49,Female,2,2592.013023908839,2,0,0,82680.12020703271,1
617,41,Male,9,13522.164628288223,1,0,0,20841.057963332278,0
618,40,Male,6,18879.64610726419,3,1,0,80951.19155019871,0
619,49,Female,1,5379.360631907719,3,1,1,91464.35950304981,0
620,54,Female,4,9508.132157001473,3,0,1,54627.19368457378,0
621,29,Male,1,12686.794794224086,2,0,1,62843.39784782386,0
622,66,Male,6,19989.324964312615,3,0,0,58158.6714094123,0
623,30,Male,4,2096.1612999514423,3,0,0,51136.689489875105,0
624,40,Male,3,9971.415990114183,1,0,0,90993.96282962881,0
625,42,Female,3,7702.4023980500015,1,1,0,91514.68085359925,0
626,52,Male,9,17316.403304447103,1,0,1,46865.30917132276,0
627,58,Female,6,9519.354620233118,2,1,0,69205.58032117583,0
628,47,Female,9,2219.5504917029616,3,1,1,94152.60497166913,0
629,34,Female,5,12688.482905731673,1,0,0,96964.67991530812,0
630,66,Male,2,15415.612365277595,1,0,1,60716.723233763805,0
631,37,Male,8,57.62503331229185,1,1,0,56225.98442274614,0
632,65,Male,5,17179.13370841259,3,0,1,42295.54527428206,0
633,42,Male,2,3720.4600001133126,3,1,0,96709.7498552328,1
634,39,Female,4,11041.387293067557,3,0,1,31425.14435782939,0
635,30,Male,9,8315.950013749003,2,0,0,66386.366083818,0
636,36,Male,4,14393.076332210609,2,0,1,42604.02140149111,0
637,66,Female,4,7423.232295714836,1,1,1,42320.66322782373,0
638,53,Male,2,17395.263533634214,3,0,0,52397.48699009507,0
639,29,Female,6,14609.927219175805,1,1,1,99903.43486525236,0
640,58,Female,2,12954.263421258429,3,0,0,24397.304547185766,0
641,36,Female,7,15924.811911257086,3,1,0,66283.34545628252,0
642,29,Female,3,15080.460698567646,3,0,0,26605.772642822172,0
643,26,Female,3,718.7734984310667,2,1,1,32361.66639924152,0
644,24,Female,5,7894.687076896563,2,1,1,55165.03534183189,0
645,45,Female,3,18616.145946329798,3,1,0,60836.8105077153,0
646,31,Female,2,2514.4853798445242,1,1,0,40703.39266916192,1
647,48,Male,9,14741.931008641024,3,1,1,45316.570469953294,0
648,69,Male,2,19491.836226706593,3,1,1,26957.361620474643,0
649,36,Male,2,1043.9725808994326,1,0,1,44257.582707540045,0
650,64,Male,8,13643.87761253221,3,1,0,97324.67515044352,0
651,33,Female,9,9363.082826020607,1,1,0,95576.59053379853,0
652,22,Male,7,11583.505107494442,2,1,0,46790.2632109588,0
653,52,Female,3,1706.826729686497,2,0,0,65668.31490230092,0
654,29,Male,9,860.1390373387896,1,0,0,92767.63128887555,0
655,42,Male,3,13337.333211018435,2,0,1,20494.705811271735,0
656,69,Male,5,16466.18859641436,2,1,0,84854.68562700735,0
657,38,Female,9,15640.306698659346,1,0,1,95869.56422311351,0
658,53,Male,3,10876.114557324747,2,0,1,27306.058746684565,0
659,40,Female,7,1997.3364227235634,3,1,0,32915.814882633684,0
660,33,Female,1,13760.888876720277,3,1,1,96859.70422170844,0
661,56,Male,4,4837.777671082919,1,0,0,63003.2114912277,0
662,62,Male,4,18221.37405534767,2,1,1,21135.730757737896,0
663,59,Male,7,16765.3071909141,3,1,0,40610.559901082335,0
664,56,Female,8,14187.659341747818,3,1,0,55995.49394150877,0
665,31,Male,1,18976.91911662261,2,1,1,75432.71288198142,0
666,48,Female,5,628.4364302254586,2,0,0,78652.83025094397,0
667,22,Female,7,14724.00850121524,3,1,1,99633.72103403648,0
668,52,Male,4,6604.855586728107,3,0,0,43000.895950700724,0
669,40,Male,4,18121.317713727305,1,0,0,63057.60814947802,0
670,46,Female,4,5333.503933239552,1,0,0,62665.8838287684,0
671,60,Female,6,14497.12998630034,3,0,1,52451.620755779004,0
672,28,Female,7,17552.94039301563,1,1,1,33532.95150739362,0
673,35,Male,2,833.1363676536486,3,1,0,98196.52505470741,1
674,64,Female,5,7952.951591840722,3,1,1,88265.37493332688,0
675,29,Male,4,15246.180640438773,1,0,0,59866.642263538975,0
676,26,Female,3,9098.377790151742,1,0,1,68259.63381472239,0
677,27,Female,7,5345.052595871906,2,0,1,38180.88428477298,0
678,61,Male,6,4396.1069764638005,2,1,0,63502.96563133975,0
679,34,Female,7,2630.365338327558,2,0,0,75597.61064971806,0
680,55,Male,5,17142.591197125646,3,1,0,61213.3622709271,0
681,24,Male,6,11507.10806503112,1,1,0,99222.8136467953,0
682,63,Female,5,1527.6988998291197,3,1,0,68907.33249981809,0
683,30,Male,7,7651.606471412709,1,1,1,49677.897007373525,0
684,57,Male,2,7354.673016102198,3,0,1,81772.16220926706,0
685,59,Female,5,3634.78381418926,2,1,0,33637.000926531364,0
686,26,Male,6,8710.152509443813,2,0,0,50761.26509650132,0
687,67,Male,6,6641.987307862729,2,1,0,47756.716030206866,0
688,44,Male,5,6836.07410984365,3,0,1,54544.56760862218,0
689,19,Female,7,14780.531155759174,1,0,0,82542.3860742981,0
690,22,Male,8,4465.267710103926,1,1,0,58733.842573072594,0
691,46,Female,7,12837.199177107108,2,1,1,83521.15602127701,0
692,54,Female,5,11412.992477618698,2,1,1,66119.11225118928,0
693,55,Male,1,11361.850246757345,2,0,1,47365.55477260443,0
694,36,Male,5,13260.146922835518,2,1,1,84798.2994946778,0
695,25,Male,2,10967.640723913079,1,1,0,39063.17364424733,0
696,65,Female,5,17585.102296927693,3,0,1,37950.638383983634,0
697,62,Male,5,13511.601839005196,3,1,1,60360.23392438686,0
698,18,Male,2,10939.265027427762,3,0,0,40867.939676967115,0
699,39,Male,5,16595.2624057529,3,1,0,20726.962796097305,0
700,69,Male,4,12122.931298669595,2,0,0,71863.80218390413,0
701,34,Male,1,5822.88495570358,2,0,1,60887.50571779184,0
702,24,Female,3,4141.898363531424,2,1,0,55641.4251594529,0
703,42,Female,1,3046.555713253576,3,0,1,97357.48116946523,0
704,62,Male,5,17989.10425092203,2,1,1,65695.93471703309,0
705,21,Male,4,14202.708635961317,2,1,1,89074.52622315077,0
706,53,Male,7,18747.568763286414,1,0,0,31156.018896412814,0
707,23,Male,5,12065.83611429886,1,1,1,65536.51705035422,0
708,48,Female,4,9468.017629898251,2,0,0,89438.37013847224,0
709,36,Male,2,1194.3297794177865,1,0,0,66648.46058239184,1
710,61,Female,4,13432.845630920596,1,0,0,77441.13425016013,0
711,56,Female,2,11644.175195364624,2,0,1,49763.48542497659,0
712,44,Male,8,19804.17787175243,2,0,1,27395.96136296533,0
713,27,Female,3,4783.175555644861,2,0,1,56632.023610165714,0
714,43,Female,9,10614.747105736717,2,0,0,51558.35126710861,0
715,36,Female,4,13019.146702361453,3,0,1,89364.81459031579,0
716,56,Female,6,12891.823494846873,3,1,1,39519.62418819778,0
717,20,Male,5,11225.870858968054,2,1,1,97338.73820280864,0
718,62,Male,1,15538.56020654451,1,0,1,96651.04958435969,0
719,30,Female,9,4099.624190536329,2,1,1,39810.531445715096,0
720,67,Male,1,14512.544005488317,2,1,0,47844.156438185644,0
721,45,Male,8,12394.691428661783,1,1,0,91644.4592699108,0
722,37,Male,9,17921.502235891465,3,1,0,97329.7776716886,0
723,45,Male,9,16943.888780671634,2,1,0,55475.12822688352,0
724,25,Male,1,6302.940782651065,2,1,1,45679.76365127182,0
725,58,Female,2,5524.746499503061,3,0,0,62087.52106012336,0
726,56,Male,1,19633.066477048957,3,1,1,75021.53650925879,0
727,18,Male,2,10545.30361830513,1,1,0,41877.961229998386,0
728,20,Male,8,18128.419278288737,3,1,0,78917.85396952582,0
729,30,Male,5,3277.620475609644,3,1,0,24132.588569171283,0
730,45,Female,7,12856.378296003486,3,0,1,23943.559421153317,0
731,66,Female,2,16197.203747211724,1,0,1,50903.01641164362,0
732,42,Female,8,18947.904991728938,3,0,0,48277.85536485765,0
733,50,Female,6,6746.802820340469,3,0,1,45250.657229372184,0
734,55,Male,8,14499.62339848105,1,1,0,59281.5810135128,0
735,23,Female,1,10776.26018079238,3,0,0,45658.6865849257,0
736,61,Male,1,1212.5785213293639,3,0,0,35380.63347744735,1
737,62,Male,7,13799.994746178867,1,0,1,44757.56392708808,0
738,49,Male,8,13801.931164756868,2,0,0,97992.3418248188,0
739,62,Male,3,18612.13609693074,1,1,0,52889.073359587885,0
740,64,Male,5,9946.248923379448,3,0,0,55577.02214866686,0
741,38,Female,1,4605.0184142102935,3,1,1,66123.5991960912,0
742,33,Female,7,891.2764689735831,3,0,0,98667.26147313813,0
743,38,Female,5,8312.843733718113,1,1,1,39328.102114861045,0
744,28,Female,8,6038.334001550036,3,1,0,74502.56884259472,0
745,54,Male,8,15221.76612047751,3,0,1,77278.77548333793,0
746,53,Female,9,7085.355296820932,1,0,0,68585.95334344528,0
747,52,Male,7,18981.42392629688,2,0,0,27086.267170931525,0
748,36,Female,1,19246.204059755684,2,0,1,74149.78206620613,0
749,37,Male,3,12418.17180435416,3,1,1,25127.576882894038,0
750,35,Male,8,18573.205740297657,1,1,0,67691.41196399176,0
751,64,Female,3,15217.086890289913,3,0,1,79166.49417773941,0
752,58,Male,8,10937.192819502523,1,0,0,36877.59124959604,0
753,66,Male,1,3606.158708455562,1,1,0,87329.76060342192,1
754,31,Female,5,9171.9588702768,2,0,0,22428.304442640343,0
755,32,Male,4,11217.489267252351,2,1,1,87505.02909266448,0
756,48,Female,5,17279.231614700202,1,0,0,56826.32405142121,0
757,18,Female,8,9626.667530713297,3,1,1,37407.03519453156,0
758,20,Female,4,17953.493453559135,2,1,0,30702.25159951744,0
759,33,Male,4,13486.979580469379,3,1,1,96264.5734065898,0
760,40,Male,3,2739.9812610734275,2,1,1,25813.247006492536,0
761,28,Male,7,19899.62738650186,2,1,0,35927.473594874056,0
762,29,Female,3,10544.653215078253,3,0,1,47825.78779464368,0
763,27,Male,3,7837.165928181577,2,1,0,69618.78791688965,0
764,49,Female,5,13182.27528939053,2,0,0,63584.08682208787,0
765,33,Female,5,2177.8662796207814,3,1,0,30051.47939298512,0
766,25,Male,6,12730.772935067087,2,1,0,43178.23869905717,0
767,55,Female,8,9964.72000998546,2,0,0,39100.14168688192,0
768,29,Male,6,8133.4813999716625,2,0,1,37083.42835922731,0
769,41,Male,1,19060.400423577983,3,0,0,52891.54691839896,0
770,45,Male,8,10450.794334641065,1,0,1,76322.51620733255,0
771,25,Male,8,4382.349589398768,3,1,1,37396.23457737888,0
772,45,Male,9,9179.269587545972,1,0,0,49334.310376238514,0
773,53,Female,9,18387.748091453454,2,1,1,51273.39414729298,0
774,43,Female,2,3521.909426611893,1,0,0,98116.5223548328,1
775,25,Female,2,4279.140773764738,3,0,1,96373.30855032551,0
776,67,Male,3,260.59135514167497,3,1,1,84011.00662016607,0
777,45,Male,1,283.80098791534357,2,1,1,39332.713665534815,0
778,45,Male,4,16587.83253917025,1,0,0,25442.985127333573,0
779,54,Female,4,14642.452136859116,2,1,1,45352.33101764998,0
780,58,Male,9,7100.8211290391655,2,1,0,41343.563954706464,0
781,53,Female,9,13966.223144551455,3,1,1,60474.06401171151,0
782,44,Female,9,7904.118526199404,1,1,1,82218.23280542344,0
783,34,Male,7,19057.93591995655,1,1,1,88665.83511030865,0
784,26,Male,2,19341.053628520698,1,1,1,87589.12683284067,0
785,50,Female,5,7855.875516186868,1,1,0,48774.04489784542,0
786,37,Male,4,17084.43812681736,2,1,0,74978.74747685462,0
787,30,Female,8,15461.780833949324,2,0,1,45026.735801937604,0
788,45,Male,2,6199.998743435786,3,1,1,24872.443458814618,0
789,65,Male,6,4640.796578022119,2,0,0,76125.22124823538,0
790,46,Female,5,9164.693007856677,2,1,0,20786.204205583028,0
791,30,Male,2,15626.976812288125,3,1,0,52734.60699667908,0
792,63,Female,1,19203.355694574908,3,1,0,46350.34154416606,0
793,52,Male,8,15271.581377331451,3,1,1,75470.2030815082,0
794,23,Female,2,17104.1397003674,2,0,1,81299.6378208303,0
795,35,Female,7,12061.286123410331,2,0,0,44327.5708777027,0
796,68,Male,9,16708.156616842516,3,1,0,84930.16115558828,0
797,22,Female,9,15688.417160068353,3,0,0,43513.340840394696,0
798,64,Male,8,7539.7108385256015,3,1,0,55706.1087989249,0
799,42,Male,9,11039.806042414422,2,1,0,78161.48216113071,0
800,19,Male,2,16095.062439793897,2,0,0,75433.61833798309,0
801,27,Female,6,921.1346837991274,1,0,1,98989.477784976,0
802,47,Female,4,16161.585647116599,2,1,1,38012.88193727455,0
803,67,Male,4,3557.762480980469,2,1,1,72985.43308316659,0
804,62,Male,5,10293.67234242878,2,0,0,68774.5526620622,0
805,22,Female,3,16165.508791118753,3,1,0,93207.87635920239,0
806,50,Male,1,5076.4215631338975,2,0,0,32508.971331590004,0
807,18,Male,8,4916.14878612306,3,1,1,80143.85308695464,0
808,35,Female,5,8055.287969245038,1,1,0,65461.48930150147,0
809,49,Male,3,17892.85595155269,1,0,0,41973.26958303244,0
810,64,Female,7,8.855628744157684,3,0,1,57954.79313177393,0
811,66,Male,7,18027.6619328387,3,0,0,46702.12776558382,0
812,28,Female,1,3076.140492832156,3,1,1,66345.07222307687,0
813,38,Male,9,19801.72752134964,2,1,1,91120.04886517327,0
814,43,Male,2,19096.939860769362,1,1,0,65544.39875297615,0
815,42,Female,5,9893.503791825666,3,1,1,70537.79346612672,0
816,39,Male,5,10254.404956252563,2,0,0,61499.82776917676,0
817,44,Female,8,9630.986805517086,1,1,1,24093.240515638074,0
818,66,Male,8,12708.872913190453,2,1,0,38628.684550087535,0
819,30,Female,7,1814.4340446986207,1,1,1,59360.13835456662,0
820,50,Female,7,652.3589668313301,2,0,0,44818.82269957638,0
821,51,Female,6,1154.0585683179772,1,1,1,34541.08782089554,0
822,58,Female,6,8887.306984830288,1,1,1,60330.627353475065,0
823,52,Male,9,5510.958784389668,2,0,1,45824.78347582802,0
824,18,Male,6,12440.791247419877,3,1,0,40648.61145387318,0
825,38,Female,2,19848.84578749558,1,1,0,57118.83339523047,0
826,65,Female,2,7726.463461529318,3,0,1,30662.740646573853,0
827,23,Female,5,11476.825082090267,2,1,0,94219.65864603258,0
828,45,Male,4,8312.07791814671,3,1,1,89416.16783353912,0
829,34,Male,2,16945.433354437188,3,1,0,76609.64685924283,0
830,22,Male,3,18044.72806924476,3,0,1,28497.106207076497,0
831,48,Male,7,17547.1122441052,3,1,0,82070.18035757545,0
832,22,Female,8,19487.444773585154,3,1,1,84636.58624872152,0
833,55,Female,6,550.3837028083059,1,0,1,81421.16941714702,0
834,20,Female,5,16796.32324291062,1,0,1,29117.27096953929,0
835,40,Male,1,15035.443460781866,1,1,1,71512.63656542118,0
836,54,Male,8,4573.888188007296,2,1,0,86745.98365995189,0
837,54,Male,3,19126.401867750552,3,1,1,66188.27209757341,0
838,27,Female,6,2963.5585645989095,1,1,0,71712.59001824712,0
839,27,Female,3,13590.998542678168,2,0,0,56669.078354104495,0
840,36,Male,7,4497.80433631825,1,1,1,62296.58559072421,0
841,34,Female,7,8627.612975481494,1,0,0,22750.148668138016,0
842,38,Male,9,14383.197938891379,3,0,0,71117.04175786277,0
843,31,Male,5,11266.492840660932,2,1,0,26515.777031292735,0
844,26,Female,8,8550.036626562234,3,1,1,54801.16754721787,0
845,63,Male,8,6526.768618639744,3,0,0,43412.40781339262,0
846,18,Female,1,16793.193114175807,1,0,0,63634.236016937044,0
847,68,Male,5,2876.2870062962743,3,1,1,30673.306841856567,0
848,62,Female,3,8602.057530596001,2,0,1,75331.47215786546,0
849,30,Female,1,18075.151435502845,3,1,0,83600.92295427763,0
850,21,Female,4,16916.991009199355,3,1,1,33068.35597945252,0
851,18,Male,8,8018.8352494609335,3,0,0,28345.04698815057,0
852,66,Male,3,15262.167272026167,1,0,0,31641.238622988734,0
853,57,Female,2,16463.216614177185,2,1,0,90170.20495188014,0
854,49,Female,9,17777.748480072594,1,0,1,62255.14094050849,0
855,51,Male,5,10890.11538098456,1,1,0,57380.87968060021,0
856,45,Male,7,4089.217721094236,1,1,1,28536.945528188342,0
857,48,Male,2,5106.181530078633,1,1,1,71964.48054055695,0
858,25,Female,9,5913.893480832085,1,0,0,89439.96735160719,0
859,56,Male,9,11876.04961619231,2,1,1,86254.86954587624,0
860,43,Male,4,656.1924825721687,3,1,1,70084.3767184641,0
861,51,Female,4,12720.849375599366,1,1,1,26022.29733213389,0
862,20,Male,6,7287.08476856464,1,1,1,28991.762174081035,0
863,67,Male,6,5904.836049792843,2,1,1,23944.718968785975,0
864,29,Male,1,17589.93141456253,2,1,0,40598.33731939754,0
865,18,Female,9,9200.047911615979,3,1,1,30852.91737283022,0
866,61,Female,2,1901.0609106538557,2,1,0,40803.843220194714,1
867,22,Female,5,16534.93536052494,3,1,0,50804.64445751693,0
868,47,Female,9,952.825148730132,1,1,0,95438.62272569086,0
869,47,Female,4,14534.984483363933,1,1,0,68830.08478253536,0
870,34,Female,3,15478.124435413303,3,0,0,86797.90285463698,0
871,65,Female,7,7052.052118577163,2,1,0,76828.12005698658,0
872,64,Male,6,16495.757125555734,3,1,1,29000.250442130542,0
873,40,Male,8,10313.188117129068,2,1,1,78873.63250991591,0
874,32,Female,3,9265.873065455937,1,0,1,42007.91052472996,0
875,54,Male,5,908.0656293738509,2,1,0,71128.62775957651,0
876,38,Male,4,5800.583872978118,3,0,1,47276.95789143908,0
877,31,Female,4,18620.199417705997,3,1,1,99813.78106117273,0
878,19,Male,4,7836.47926567,1,1,1,41084.11835974222,0
879,28,Male,8,10934.010411135367,2,0,0,42330.43766194157,0
880,68,Male,6,10640.433579685036,2,1,1,94453.78044499186,0
881,56,Male,3,11808.621796453866,2,0,0,21971.552370905814,0
882,55,Male,5,1226.6191128656524,1,0,1,75735.11902985575,0
883,51,Female,6,7243.525095974565,2,1,0,78026.11125887025,0
884,55,Female,5,14462.565477651084,3,1,0,86910.28619283195,0
885,67,Female,6,4011.2050214596584,2,1,0,97955.14485107803,0
886,51,Male,8,4071.5675509272087,1,1,1,98048.15353253219,0
887,35,Female,7,201.81213378049455,2,0,1,25222.140605317112,0
888,47,Male,5,8749.638532164194,2,0,0,85747.1458202322,0
889,32,Male,6,17654.68761346844,3,1,1,71704.79469259051,0
890,44,Male,4,1038.0188717461801,2,0,0,71787.3707498473,0
891,68,Male,9,3822.3741899200527,3,0,0,30267.994129175582,0
892,51,Female,4,6201.690766855101,3,1,1,72014.97331565226,0
893,69,Female,1,14634.494731284258,1,0,1,98598.60644809983,0
894,55,Male,7,12812.71185605173,3,0,1,92945.48556315576,0
895,50,Female,7,8318.878091637102,3,1,0,55130.45286438804,0
896,41,Male,4,15181.378785167513,1,0,0,23195.837862887547,0
897,32,Female,3,12192.62023313804,3,1,1,48983.47920001639,0
898,47,Female,8,17920.81599314438,1,0,0,86111.22492804442,0
899,59,Male,5,16360.53498277386,2,1,1,76119.92811721328,0
900,68,Female,7,5056.272121784011,1,0,0,56747.49244751651,0
901,34,Male,4,5428.771552684004,3,0,1,24408.12281270649,0
902,22,Female,4,2507.1295158477124,1,1,1,54151.57822586421,0
903,46,Male,8,6739.29451434913,3,1,0,57521.99517743068,0
904,21,Male,8,19990.878374381886,2,1,1,94284.44263153088,0
905,27,Female,2,8115.02337230122,1,1,1,71286.88828657276,0
906,34,Female,2,4409.768693782128,2,0,0,44932.23333237191,1
907,27,Male,3,15249.657689511061,3,0,1,62025.46115605771,0
908,34,Female,3,10849.420069253121,3,0,0,25284.424625772805,0
909,37,Female,1,2992.0289905390505,2,1,1,97805.45885197894,0
910,41,Male,3,7613.793623217315,1,0,0,48804.79215445808,0
911,22,Male,6,8289.394310786865,1,0,1,58229.38839305087,0
912,51,Female,8,15076.594011384372,3,1,1,48422.71793895381,0
913,23,Male,6,413.4273778380892,2,1,1,74600.93840929601,0
914,19,Male,5,5380.39293596621,2,0,1,72978.57266636744,0
915,30,Male,4,10351.92602631044,1,1,0,77225.78484233085,0
916,60,Female,3,5376.934849056867,1,0,0,41451.45836895367,0
917,60,Female,4,12568.680948379977,1,0,0,45253.47849312528,0
918,65,Male,7,9637.349585492331,2,1,0,30020.098487696636,0
919,28,Female,1,7234.205097191612,1,0,0,72440.79774768901,0
920,68,Male,7,18984.172537410246,1,1,0,23183.770186852205,0
921,64,Female,1,12643.189983729148,3,1,0,67814.58684187673,0
922,40,Male,2,2598.8274453588247,1,0,1,89575.67078813071,0
923,33,Male,4,11201.83394886791,1,0,1,91266.57186317068,0
924,48,Female,1,15614.63706401802,2,0,1,55923.020829596935,0
925,28,Male,9,14169.793949855946,2,1,1,56744.2950570459,0
926,33,Female,6,3441.7845859051877,3,0,0,26157.53464064139,0
927,25,Female,1,19448.399980802067,1,1,0,73661.20203544287,0
928,21,Male,1,8976.27291493212,3,1,0,85700.75362982764,0
929,57,Male,6,3180.5000748052257,2,0,1,39572.40436837704,0
930,21,Female,4,3603.9150825629586,3,1,0,53704.070530669174,0
931,42,Male,4,1964.6998437816098,2,0,1,87107.14694122162,0
932,20,Male,6,16070.362168698686,3,0,0,90169.63741298304,0
933,49,Male,7,2440.609886436973,3,0,0,39454.398421138074,0
934,20,Male,9,2502.505142834939,1,0,0,64045.65076330914,0
935,44,Male,5,17009.432295216753,3,0,0,35399.452050866166,0
936,46,Female,9,6892.0816889511925,1,0,1,28150.301131164524,0
937,49,Female,4,617.158086161449,1,0,1,92889.64011135661,0
938,67,Male,2,1037.9059903682175,1,1,0,85640.60033856874,1
939,68,Male,3,2843.408934077911,1,0,1,80802.79214425391,0
940,36,Male,1,4267.866959513791,3,1,0,23901.305505051234,1
941,38,Female,6,13302.923884768108,2,1,0,87498.30341682059,0
942,22,Male,6,3146.525600036565,2,1,0,55043.5260724307,0
943,35,Female,1,2377.48782354144,2,0,0,47391.60986366877,1
944,45,Female,3,15294.382829525584,3,1,1,63718.108882030116,0
945,59,Female,5,13421.105677198288,1,1,0,27308.259417884467,0
946,39,Male,3,8706.484429104725,2,0,0,80531.72394819191,0
947,38,Female,3,10986.19542960208,3,0,1,66594.80615106368,0
948,23,Male,3,6239.6804065283695,1,1,0,34927.207749853405,0
949,18,Female,5,9650.008404707212,2,0,1,35058.575981523645,0
950,22,Male,5,10133.452979654916,1,0,0,34739.89212581394,0
951,58,Female,4,7744.745423561919,2,0,0,24560.19100415472,0
952,29,Male,1,18131.444213443254,2,0,0,67023.8759497348,0
953,43,Female,5,321.23729962012294,2,1,0,87227.85420708064,0
954,63,Male,5,15643.425261824923,1,0,0,21399.857118991087,0
955,51,Male,4,2487.656624826486,3,0,0,23920.371597701884,0
956,66,Male,6,15950.947210743989,1,0,1,65821.62213495566,0
957,31,Male,4,12318.238313534424,2,1,0,85559.65483088419,0
958,43,Female,7,16865.56181872805,1,1,1,46139.11124549068,0
959,62,Female,7,1950.2865128179492,3,0,1,47969.15190461777,0
960,44,Male,2,11179.61268199548,1,0,0,67707.71979974207,0
961,26,Female,3,10021.757605243942,3,1,1,41937.031129931755,0
962,43,Male,1,14123.863659267174,3,0,0,22128.669286214732,0
963,64,Male,8,10685.811037873516,1,0,1,78818.28144812769,0
964,39,Female,9,10814.691342662083,2,1,0,70051.99303531625,0
965,64,Male,4,8591.918871521293,3,0,1,66460.47992445272,0
966,47,Male,6,6176.688480146817,1,0,1,79334.73031934585,0
967,60,Female,9,9645.287225043843,3,1,0,74018.467004963,0
968,65,Male,6,2369.847175368012,2,1,1,36470.559054265694,0
969,34,Male,9,19230.266779661695,1,0,0,48198.48375546809,0
970,43,Male,4,14288.215272531965,1,1,0,30088.81133429,0
971,53,Male,8,19049.342333756937,1,0,0,30388.561073430483,0
972,18,Female,9,4534.547646599265,2,0,0,74095.65970852313,0
973,25,Female,4,17586.82040353056,3,0,0,88688.00855859986,0
974,66,Female,5,16175.79969127077,1,1,1,97018.60670889112,0
975,52,Male,8,13543.048249153473,3,1,1,70267.76940395555,0
976,69,Male,6,12500.583721704115,3,0,1,34728.105868876555,0
977,32,Female,7,6330.9933053574,2,0,0,28452.027635914455,0
978,64,Male,3,16328.215699300614,1,1,1,85028.07772294062,0
979,39,Male,7,10030.309229594675,3,1,1,66300.51810879994,0
980,31,Male,8,1417.8315178257074,1,1,1,69462.8016810976,0
981,43,Male,6,6257.2632171026,1,0,1,82516.96710037673,0
982,45,Female,9,18705.94197090655,2,1,1,76262.17821859612,0
983,40,Female,6,17013.605212096925,1,1,0,86756.66022848773,0
984,31,Female,9,19638.113961530784,1,0,0,24497.112436790278,0
985,41,Male,4,12559.867652081963,3,0,1,79801.65093972039,0
986,19,Female,8,4950.201462808239,2,0,0,88068.22058576763,0
987,62,Female,4,3256.3009935372756,1,1,0,42890.80339666514,0
988,43,Male,2,3738.2888121692326,3,0,1,71235.78191946022,0
989,31,Male,9,395.9131669450877,2,0,1,45132.96510695777,0
990,68,Female,5,7813.642219718784,2,0,0,96637.68531859633,0
991,24,Female,4,3828.55360999085,3,0,1,22673.885794840302,0
992,20,Female,2,8233.109209134049,3,1,0,66383.4275066364,0
993,64,Female,1,18699.888636775308,3,0,0,33320.283763961204,0
994,40,Male,7,8610.8041901438,3,1,1,76977.61641417269,0
995,63,Female,6,17559.6899396967,3,1,0,34071.222673492965,0
996,60,Female,2,12110.095332317529,1,1,0,38830.6609518686,0
997,64,Male,8,4942.631093227838,1,0,0,59549.66488366065,0
998,62,Female,4,7117.095185184228,2,1,1,93186.79599975025,0
999,35,Male,8,1678.3907164285883,1,0,1,36937.14977183766,0
1000,55,Male,7,6669.25187192021,1,0,1,31539.20168944828,0
